Metric,Value
Accuracy,0.8184523809523809
Precision,0.8115942028985508
Recall,0.7619047619047619
F1 Score,0.7859649122807018
ROC AUC,0.8840657956304215
